_id,JURIS_NAME,CNTY_NAME,YEAR,PRIOR_APN,APN,STREET_ADDRESS,PROJECT_NAME,JURS_TRACKING_ID,UNIT_CAT,TENURE,ACUTELY_LOW_INCOME_DR,ACUTELY_LOW_INCOME_NDR,EXTREMELY_LOW_INCOME_DR,EXTREMELY_LOW_INCOME_NDR,VLOW_INCOME_DR,VLOW_INCOME_NDR,LOW_INCOME_DR,LOW_INCOME_NDR,MOD_INCOME_DR,MOD_INCOME_NDR,ABOVE_MOD_INCOME,ENT_APPROVE_DT1,NO_ENTITLEMENTS,BP_ACUTELY_LOW_INCOME_DR,BP_ACUTELY_LOW_INCOME_NDR,BP_EXTREMELY_LOW_INCOME_DR,BP_EXTREMELY_LOW_INCOME_NDR,BP_VLOW_INCOME_DR,BP_VLOW_INCOME_NDR,BP_LOW_INCOME_DR,BP_LOW_INCOME_NDR,BP_MOD_INCOME_DR,BP_MOD_INCOME_NDR,BP_ABOVE_MOD_INCOME,BP_ISSUE_DT1,NO_BUILDING_PERMITS,CO_ACUTELY_LOW_INCOME_DR,CO_ACUTELY_LOW_INCOME_NDR,CO_EXTREMELY_LOW_INCOME_DR,CO_EXTREMELY_LOW_INCOME_NDR,CO_VLOW_INCOME_DR,CO_VLOW_INCOME_NDR,CO_LOW_INCOME_DR,CO_LOW_INCOME_NDR,CO_MOD_INCOME_DR,CO_MOD_INCOME_NDR,CO_ABOVE_MOD_INCOME,CO_ISSUE_DT1,NO_OTHER_FORMS_OF_READINESS,EXTR_LOW_INCOME_UNITS,APPROVE_SB35,HISTORIC_SITES,INFILL_UNITS,FIN_ASSIST_NAME,DR_TYPE,NO_FA_DR,TERM_AFF_DR,DEM_DES_UNITS,DEM_OR_DES_UNITS,DEM_DES_UNITS_OWN_RENT,DENSITY_BONUS_TOTAL,DENSITY_BONUS_NUMBER_OTHER_INCENTIVES,DENSITY_BONUS_INCENTIVES,DENSITY_BONUS_RECEIVE_REDUCTION,NOTES,LATITUDE,LONGITUDE,STD_ADDRESS,SCORE
1,STANISLAUS COUNTY,Stanislaus,2020,,010-010-036,12420 LANCASTER RD,,BLD2020-0646,MH,Owner,0,0,0,0,0,0,0,0,0,0,0,,0,0,0,0,0,0,0,0,0,0,0,1,2020-06-04,1,0,0,0,0,0,0,0,0,0,0,1,2020-10-20,1,0,N,0,0,,,0,,0,0,0,0,0,,,MANUFACTURED DWELLING - 2020 PALM HARBOR - 2835 SQ FT - 4BD 3BA (( ACA )) C/S ORANGE BLOSSOM RD,37.782452,-120.766065,"12420 Lancaster Rd, Oakdale, California, 95361",88.969999999999999
2,STANISLAUS COUNTY,Stanislaus,2020,,045-030-030,4418 Martha ST,,BLD2020-0510,ADU,Renter,0,0,0,0,0,0,0,0,0,0,0,,0,0,0,0,0,0,0,0,0,0,0,1,2020-05-19,1,0,0,0,0,0,0,0,0,0,0,1,2020-08-13,1,0,N,0,0,,,0,,0,0,0,0,0,,,CONVERT EXISTING DETACHED GARAGE / APARTMENT TO ACCESSORY DWELLING UNIT AND ADDITION OF BATHROOM,37.555557,-120.911559,"4418 Martha Ave, Keyes, California, 95328",86.159999999999997
3,STANISLAUS COUNTY,Stanislaus,2020,,024-034-002,3218,FRESNO AVE,BLD2019-2660,ADU,Renter,0,0,0,0,0,0,0,0,0,0,0,,0,0,0,0,0,0,0,0,0,0,0,1,2020-01-06,1,0,0,0,0,0,0,0,0,0,0,0,,0,0,N,0,0,,,0,,0,0,0,0,0,,,CONVERT 328 SQ. FT. OF  EXISTING ATTACHED GARAGE TO STUDIO APARTMENT (ADU) & NEW TANKLESS W/H,37.559009,-120.997660,,82.609999999999999
4,STANISLAUS COUNTY,Stanislaus,2020,,010-082-007,11510 RODDEN RD,,BLD2019-2736,ADU,Renter,0,0,0,0,0,0,0,0,0,0,0,,0,0,0,0,0,0,0,0,0,0,0,1,2020-03-12,1,0,0,0,0,0,0,0,0,0,0,0,,0,0,N,0,0,,,0,,0,0,0,0,0,,,ACCESSORY DWELLING UNIT ( 1200 SQ. FT. ) WITH 841 SQ. FT. GARAGE ATTACHED BY BREEZEWAY,37.790186,-120.784437,"11510 Rodden Rd, Oakdale, California, 95361",88.359999999999999
5,STANISLAUS COUNTY,Stanislaus,2020,,062-019-030,6939 CENTRAL AVE,,BLD2020-1893,ADU,Renter,0,0,0,0,0,0,0,0,0,0,0,,0,0,0,0,0,0,0,0,0,0,0,1,2020-10-16,1,0,0,0,0,0,0,0,0,0,0,0,,0,0,N,0,0,,,0,,0,0,0,0,0,,,((ACA)) INSTALLATION OF MANUFACTURED HOME - ADU- SINGLE WIDE 2018 CLAYTON - 728 SQ FT              C/S HWY 108,37.496761,-120.846802,"N Center St, Turlock, California, 95380",80.25
6,STANISLAUS COUNTY,Stanislaus,2020,,010-076-023,10455,Fox Meadow,BLD2018-2037,SFD,Owner,0,0,0,0,0,0,0,0,0,0,0,,0,0,0,0,0,0,0,0,0,0,0,0,,0,0,0,0,0,0,0,0,0,0,0,1,2020-03-11,1,0,N,0,0,,,0,,0,0,0,0,0,,,NEW SINGLE FAMILY DWELLING (3681 SQ FT) W/ ATTACHED GARAGE (1596 SQ FT),37.559009,-120.997660,,80
7,STANISLAUS COUNTY,Stanislaus,2020,,045-072-024,4616,PRISCILLA,BLD2019-1498,SFD,Owner,0,0,0,0,0,0,0,0,0,0,0,,0,0,0,0,0,0,0,0,0,0,0,0,,0,0,0,0,0,0,0,0,0,0,0,1,2020-01-14,1,0,N,0,0,,,0,,0,0,0,0,0,,,SINGLE FAMILY DWELLING ( 2059 SF - 3BD / 2 BA ) W/ ATTACHED GARAGE - BONITA RANCH VI LOT 118,37.559009,-120.997660,,82.609999999999999
8,STANISLAUS COUNTY,Stanislaus,2020,,045-072-070,5308,AMARYLLIS,BLD2019-1502,SFD,Owner,0,0,0,0,0,0,0,0,0,0,0,,0,0,0,0,0,0,0,0,0,0,0,0,,0,0,0,0,0,0,0,0,0,0,0,1,2020-02-27,1,0,N,0,0,,,0,,0,0,0,0,0,,,SINGLE FAMILY DWELLING ( 2536 SF - 4BD / 3 BA - LOFT OPTION ) W/ ATTACHED GARAGE - BONITA RANCH VI LOT 74,37.559009,-120.997660,,82.609999999999999
9,STANISLAUS COUNTY,Stanislaus,2020,,048-037-067,1217,ELFERS,BLD2019-2836,SFD,Owner,0,0,0,0,0,0,0,0,0,0,0,,0,0,0,0,0,0,0,0,0,0,0,1,2020-08-06,1,0,0,0,0,0,0,0,0,0,0,1,2020-12-18,1,0,N,0,0,,,0,,0,0,0,0,0,,,SINGLE FAMILY DWELLING W/ ATTACHED GARAGE,37.559009,-120.997660,,82.609999999999999
10,STANISLAUS COUNTY,Stanislaus,2020,,024-050-031,4016,ST SIMON WAY,BLD2019-2900,SFD,Owner,0,0,0,0,0,0,0,0,0,0,0,,0,0,0,0,0,0,0,0,0,0,0,1,2020-03-05,1,0,0,0,0,0,0,0,0,0,0,1,2020-08-27,1,0,N,0,0,,,0,,0,0,0,0,0,,,SINGLE FAMILY DWELLING 2310 SF W/ 4 BEDROOMS & GYM W/ ATTACHED GARAGE 489 SF   C/S LESTER AVE,37.559009,-120.997660,,82.609999999999999
11,STANISLAUS COUNTY,Stanislaus,2020,,024-067-028,3317,KALMAR LN,BLD2019-2883,SFD,Owner,0,0,0,0,0,0,0,0,0,0,0,,0,0,0,0,0,0,0,0,0,0,0,1,2020-08-14,1,0,0,0,0,0,0,0,0,0,0,0,,0,0,N,0,0,,,0,,0,0,0,0,0,,,SINGLE FAMILY DWELLING 2138 SF W/ ATTACHED 2 CAR GARAGE 673 SF & CALIFORNIA ROOM   C/S LESTER AVE,37.559009,-120.997660,,82.609999999999999
12,STANISLAUS COUNTY,Stanislaus,2020,,048-022-014,18434,SYCAMORE AVE,BLD2019-2102,SFD,Owner,0,0,0,0,0,0,0,0,0,0,0,,0,0,0,0,0,0,0,0,0,0,0,1,2020-07-23,1,0,0,0,0,0,0,0,0,0,0,0,,0,0,N,0,0,,,0,,0,0,0,0,0,,,SINGLE FAMILY DWELLING WITH ATTACHED & DETACHED GARAGE,37.559009,-120.997660,,80
13,STANISLAUS COUNTY,Stanislaus,2020,,080-003-076,165,MISSOURI AVE,BLD2019-2838,SFD,Owner,0,0,0,0,0,0,0,0,0,0,0,,0,0,0,0,0,0,0,0,0,0,0,1,2020-11-03,1,0,0,0,0,0,0,0,0,0,0,0,,0,0,N,0,0,,,0,,0,0,0,0,0,,,SINGLE FAMILY DWELLING W/ ATTACHED GARAGE C/S YOSEMITE BLVD,37.559009,-120.997660,,83.109999999999999
14,STANISLAUS COUNTY,Stanislaus,2020,,024-032-023,4077,VALKOMMEN DR,BLD2019-2897,SFD,Owner,0,0,0,0,0,0,0,0,0,0,0,,0,0,0,0,0,0,0,0,0,0,0,1,2020-09-18,1,0,0,0,0,0,0,0,0,0,0,0,,0,0,N,0,0,,,0,,0,0,0,0,0,,,SINGLE FAMILY DWELLING 1986 SF W/ ATTACHED GARAGE 552 SF   C/S LESTER AVE,37.559009,-120.997660,,82.609999999999999
15,STANISLAUS COUNTY,Stanislaus,2020,,043-041-014,206,DAUBENBERGER RD,BLD2020-1124,SFD,Owner,0,0,0,0,0,0,0,0,0,0,0,,0,0,0,0,0,0,0,0,0,0,0,1,2020-12-10,1,0,0,0,0,0,0,0,0,0,0,0,,0,0,N,0,0,,,0,,0,0,0,0,0,,,SINGLE FAMILY DWELLING W/ ATTACHED GARAGE C/S EAST AVE,37.559009,-120.997660,,83.109999999999999
16,PETALUMA,Sonoma,2021,,136-010-028,1907 Pico St,Northbank/Riverfront,,SFD,Owner,0,0,0,0,0,0,0,0,0,0,0,,0,0,0,0,0,0,0,0,0,0,0,0,,0,0,0,0,0,0,0,0,0,0,0,1,2021-10-26,1,0,N,0,0,,,0,,0,0,0,0,0,,,,38.229986,-122.618516,"1907 Pico St, Petaluma, California, 94952",100
17,PETALUMA,Sonoma,2021,,008-045-025,26 6th St,,,ADU,Renter,0,0,0,0,0,0,0,0,0,0,0,,0,0,0,0,0,0,0,0,0,0,0,0,,0,0,0,0,0,0,0,0,0,0,1,0,2021-01-21,1,0,N,0,0,,,N/A,,0,0,0,0,0,,,,38.231064,-122.641240,"26 6th St, Petaluma, California, 94952",100
18,PETALUMA,Sonoma,2021,,136-010-027,1810 Alvarado St,Northbank/Riverfront,,SFD,Owner,0,0,0,0,0,0,0,0,0,0,0,,0,0,0,0,0,0,0,0,0,0,0,1,2021-07-20,1,0,0,0,0,0,0,0,0,0,0,0,,0,0,N,0,0,,,0,,0,0,0,0,0,,,,38.230429,-122.619758,"1810 Alvarado St, Petaluma, California, 94952",100
19,PETALUMA,Sonoma,2021,,019-203-008,27 Oak Knoll,The Oaks at Sunnyslope,,SFD,Owner,0,0,0,0,0,0,0,0,0,0,0,,0,0,0,0,0,0,0,0,0,0,0,1,2021-11-16,1,0,0,0,0,0,0,0,0,0,0,0,,0,0,N,0,0,,,0,,0,0,0,0,0,,,,38.216402,-122.637817,"27 Oak Knoll Ct, Petaluma, California, 94952",98.909999999999997
20,PETALUMA,Sonoma,2021,,136-010-027,1804 Pico St,Northbank/Riverfront,,SFD,Owner,0,0,0,0,0,0,0,0,0,0,0,,0,0,0,0,0,0,0,0,0,0,0,1,2021-12-08,1,0,0,0,0,0,0,0,0,0,0,0,,0,0,N,0,0,,,0,,0,0,0,0,0,,,,38.229921,-122.620094,"1804 Pico St, Petaluma, California, 94952",100
21,PETALUMA,Sonoma,2021,,136-010-027,1801 Bautista way,Northbank/Riverfront,,SFD,Owner,0,0,0,0,0,0,0,0,0,0,0,,0,0,0,0,0,0,0,0,0,0,0,1,2021-12-09,1,0,0,0,0,0,0,0,0,0,0,0,,0,0,N,0,0,,,0,,0,0,0,0,0,,,,38.229463,-122.620378,"1801 Bautista Way, Petaluma, California, 94952",100
22,PETALUMA,Sonoma,2021,,136-010-027,1912 Pico St,Northbank/Riverfront,,SFD,Owner,0,0,0,0,0,0,0,0,0,0,0,,0,0,0,0,0,0,0,0,0,0,0,1,2021-08-03,1,0,0,0,0,0,0,0,0,0,0,0,,0,0,N,0,0,,,0,,0,0,0,0,0,,,,38.229983,-122.618005,"1912 Pico St, Petaluma, California, 94952",100
23,PETALUMA,Sonoma,2021,,019-210-011; 019-220-016,520 Ruby St,Sterling Hills,,SFD,Owner,0,0,0,0,0,0,0,0,0,0,0,,0,0,0,0,0,0,0,0,0,0,0,1,2021-08-16,1,0,0,0,0,0,0,0,0,0,0,0,,0,0,N,0,0,,,0,,0,0,0,0,0,,,,38.224533,-122.617941,"520 Ruby St, Petaluma, California, 94952",100
24,PETALUMA,Sonoma,2021,,136-010-027,1921 Bautista Way,Northbank/Riverfront,,SFD,Owner,0,0,0,0,0,0,0,0,0,0,0,,0,0,0,0,0,0,0,0,0,0,0,1,2021-08-03,1,0,0,0,0,0,0,0,0,0,0,0,,0,0,N,0,0,,,0,,0,0,0,0,0,,,,38.229528,-122.617542,"1921 Bautista Way, Petaluma, California, 94952",100
25,PETALUMA,Sonoma,2021,,019-203-008,15 Oak Knoll Ct,The Oaks at Sunnyslope,,SFD,Owner,0,0,0,0,0,0,0,0,0,0,0,,0,0,0,0,0,0,0,0,0,0,0,1,2021-10-13,1,0,0,0,0,0,0,0,0,0,0,0,,0,0,N,0,0,,,0,,0,0,0,0,0,,,,38.216533,-122.637710,"15 Oak Knoll Ct, Petaluma, California, 94952",100
26,PETALUMA,Sonoma,2021,,136-010-027,1806 Alvarado St,Northbank/Riverfront,,SFD,Owner,0,0,0,0,0,0,0,0,0,0,0,,0,0,0,0,0,0,0,0,0,0,0,1,2021-07-20,1,0,0,0,0,0,0,0,0,0,0,0,,0,0,N,0,0,,,0,,0,0,0,0,0,,,,38.230445,-122.619924,"1806 Alvarado St, Petaluma, California, 94952",100
27,PETALUMA,Sonoma,2021,,007-301-017,15 Alta Dr,,,ADU,Renter,0,0,0,0,0,0,0,0,0,0,0,,0,0,0,0,0,0,0,0,0,0,1,0,2021-08-10,1,0,0,0,0,0,0,0,0,0,0,0,,0,0,N,0,0,,,N/A,,0,0,0,0,0,,,,38.245834,-122.618119,"15 Alta Dr, Petaluma, California, 94954",100
28,PETALUMA,Sonoma,2021,,136-010-027,1805 Bautista Way,Northbank/Riverfront,,SFD,Owner,0,0,0,0,0,0,0,0,0,0,0,,0,0,0,0,0,0,0,0,0,0,0,1,2021-12-08,1,0,0,0,0,0,0,0,0,0,0,0,,0,0,N,0,0,,,0,,0,0,0,0,0,,,,38.229431,-122.620210,"1805 Bautista Way, Petaluma, California, 94952",100
29,PETALUMA,Sonoma,2021,,008-271-007,714 5th St,,,ADU,Renter,0,0,0,0,0,0,0,0,0,0,0,,0,0,0,0,0,0,0,0,0,0,1,0,2021-08-12,1,0,0,0,0,0,0,0,0,0,0,0,,0,0,N,0,0,,,N/A,,0,0,0,0,0,,,,38.228422,-122.631533,"714 5th St, Petaluma, California, 94952",100
30,PETALUMA,Sonoma,2021,,019-203-008,19 Oak Knoll Ct,The Oaks at Sunnyslope,,SFD,Owner,0,0,0,0,0,0,0,0,0,0,0,,0,0,0,0,0,0,0,0,0,0,0,1,2021-10-13,1,0,0,0,0,0,0,0,0,0,0,0,,0,0,N,0,0,,,0,,0,0,0,0,0,,,,38.216510,-122.637712,"19 Oak Knoll Ct, Petaluma, California, 94952",100
31,PETALUMA,Sonoma,2021,,136-010-027,1918 Alvarado St,Northbank/Riverfront,,SFD,Owner,0,0,0,0,0,0,0,0,0,0,0,,0,0,0,0,0,0,0,0,0,0,0,1,2021-01-20,1,0,0,0,0,0,0,0,0,0,0,0,,0,0,N,0,0,,,0,,0,0,0,0,0,,,,38.230534,-122.618024,"1918 Alvarado St, Petaluma, California, 94952",100
32,PETALUMA,Sonoma,2021,,149-450-044,1603 Rainier Ave,,,ADU,Renter,0,0,0,0,0,0,0,0,0,0,0,,0,0,0,0,0,0,0,0,0,0,1,0,2021-04-28,1,0,0,0,0,0,0,0,0,0,0,0,,0,0,N,0,0,,,N/A,,0,0,0,0,0,,,,38.258612,-122.632571,"1603 Rainier Ave, Petaluma, California, 94954",100
33,PETALUMA,Sonoma,2021,,136-010-027,1822 Alvarado St,Northbank/Riverfront,,SFD,Owner,0,0,0,0,0,0,0,0,0,0,0,,0,0,0,0,0,0,0,0,0,0,0,1,2021-02-24,1,0,0,0,0,0,0,0,0,0,0,0,,0,0,N,0,0,,,0,,0,0,0,0,0,,,,38.230423,-122.619184,"1822 Alvarado St, Petaluma, California, 94952",100
34,PETALUMA,Sonoma,2021,,008-630-052,123 Kimberly Way,,,SFD,Owner,0,0,0,0,0,0,0,0,0,0,0,,0,0,0,0,0,0,0,0,0,0,0,1,2021-01-04,1,0,0,0,0,0,0,0,0,0,0,0,,0,0,N,0,0,,,0,,0,0,0,0,0,,,,38.221794,-122.618749,"123 Kimberly Way, Petaluma, California, 94952",100
35,PETALUMA,Sonoma,2021,,136-010-027,1809 Bautista Way,Northbank/Riverfront,,SFD,Owner,0,0,0,0,0,0,0,0,0,0,0,,0,0,0,0,0,0,0,0,0,0,0,1,2021-12-08,1,0,0,0,0,0,0,0,0,0,0,0,,0,0,N,0,0,,,0,,0,0,0,0,0,,,,38.229402,-122.620027,"1809 Bautista Way, Petaluma, California, 94952",100
36,PETALUMA,Sonoma,2021,,006-163-040; 006-163-041,368 Petaluma Blvd N,North River Apartments,,5+,Renter,0,0,0,0,0,0,0,0,0,0,0,,0,0,0,0,0,0,0,0,0,0,0,101,2021-08-30,101,0,0,0,0,0,0,0,0,0,0,0,,0,0,N,0,0,,,0,,0,0,0,0,0,,,,38.238740,-122.642906,"368 Petaluma Blvd N, Petaluma, California, 94952",100
37,PETALUMA,Sonoma,2021,,136-010-027,1707 Pico St,Northbank/Riverfront,,SFD,Owner,0,0,0,0,0,0,0,0,0,0,0,,0,0,0,0,0,0,0,0,0,0,0,1,2021-07-19,1,0,0,0,0,0,0,0,0,0,0,0,,0,0,N,0,0,,,0,,0,0,0,0,0,,,,38.230414,-122.621526,"1707 Pico St, Petaluma, California, 94952",100
38,PETALUMA,Sonoma,2021,,136-010-027,1909 Bautista Way,Northbank/Riverfront,,SFD,Owner,0,0,0,0,0,0,0,0,0,0,0,,0,0,0,0,0,0,0,0,0,0,0,1,2021-08-03,1,0,0,0,0,0,0,0,0,0,0,0,,0,0,N,0,0,,,0,,0,0,0,0,0,,,,38.229467,-122.618150,"1909 Bautista Way, Petaluma, California, 94952",100
39,LONG BEACH,Los Angeles,2021,,7125-033-031,5893 Atlantic Avenue,"2105-07 (SPR21-024, TTM21-005)","2105-07 (SPR21-024, TTM21-005)",5+,Owner,0,0,0,0,0,0,0,0,0,0,84,2021-09-13,84,0,0,0,0,0,0,0,0,0,0,0,,0,0,0,0,0,0,0,0,0,0,0,0,,0,0,N,0,Y,,,0,,0,0,0,0,0,,,,33.861783,-118.185124,"5893 Atlantic Ave, Long Beach, California, 90805",100
40,LONG BEACH,Los Angeles,2021,,7280001021,419 West 5th Street,2106-24 (SPR21-035),2106-24 (SPR21-035),ADU,Renter,0,0,0,0,0,0,0,0,0,0,2,2021-09-07,2,0,0,0,0,0,0,0,0,0,0,0,,0,0,0,0,0,0,0,0,0,0,0,0,,0,0,N,0,Y,,,0,,0,0,0,0,0,,,,33.772944,-118.196947,"419 W 5th St, Long Beach, California, 90802",100
41,LONG BEACH,Los Angeles,2021,,7269042005,439 W. Anaheim Street,2104-23 (AUP 21-022),2104-23 (AUP 21-022),SFA,Renter,0,0,0,0,0,0,0,0,0,0,1,2021-07-22,1,0,0,0,0,0,0,0,0,0,0,0,,0,0,0,0,0,0,0,0,0,0,0,0,,0,0,N,0,Y,,,0,,0,0,0,0,0,,,,33.782631,-118.197352,"439 W Anaheim St, Long Beach, California, 90813",100
42,LONG BEACH,Los Angeles,2021,,7281006036,415 Olive Avenue,2105-28 (SPR21-028),2105-28 (SPR21-028),5+,Renter,0,0,0,0,0,0,0,0,0,0,7,2021-11-22,7,0,0,0,0,0,0,0,0,0,0,0,,0,0,0,0,0,0,0,0,0,0,0,0,,0,0,N,0,Y,,,0,,0,0,0,0,0,,,,33.772071,-118.182417,"415 Olive Ave, Long Beach, California, 90802",100
43,LONG BEACH,Los Angeles,2021,,7072024034,3515 IROQUOIS AVE,BADD243425,BADD243425,ADU,Renter,0,0,0,0,0,0,0,0,0,0,0,,0,0,0,0,0,0,0,0,0,0,0,1,2021-05-03,1,0,0,0,0,0,0,0,0,0,0,0,,0,0,N,0,Y,,,0,,0,0,0,0,0,,,,33.821046,-118.106058,"3515 Iroquois Ave, Long Beach, California, 90808",100
44,LONG BEACH,Los Angeles,2021,,7223011026,2410 CLARK AVE,BADD244493,BADD244493,ADU,Renter,0,0,0,0,0,0,0,0,0,0,0,,0,0,0,0,0,0,0,0,0,0,0,1,2021-05-06,1,0,0,0,0,0,0,0,0,0,0,0,,0,0,N,0,Y,,,0,,0,0,0,0,0,,,,33.800708,-118.133800,"2410 Clark Ave, Long Beach, California, 90815",100
45,LONG BEACH,Los Angeles,2021,,7254003016,1110 MIRA MAR AVE,BRMD246096,BRMD246096,ADU,Renter,0,0,0,0,0,0,0,0,0,0,0,,0,0,0,0,0,0,0,0,0,0,0,1,2021-01-11,1,0,0,0,0,0,0,0,0,0,0,0,,0,0,N,0,Y,,,0,,0,0,0,0,0,,,,33.781052,-118.147487,"1110 Mira Mar Ave, Long Beach, California, 90804",100
46,LONG BEACH,Los Angeles,2021,,7232029016,2023 OSTROM AVE,BNEW247434,BNEW247434,ADU,Renter,0,0,0,0,0,0,0,0,0,0,0,,0,0,0,0,0,0,0,0,0,0,0,1,2021-02-23,1,0,0,0,0,0,0,0,0,0,0,0,,0,0,N,0,Y,,,0,,0,0,0,0,0,,,,33.792881,-118.101308,"2023 Ostrom Ave, Long Beach, California, 90815",100
47,LONG BEACH,Los Angeles,2021,,7203008003,3213 MAINE AVE,BRMD248025,BRMD248025,ADU,Renter,0,0,0,0,0,0,0,0,0,0,0,,0,0,0,0,0,0,0,0,0,0,0,1,2021-05-30,1,0,0,0,0,0,0,0,0,0,0,0,,0,0,N,0,Y,,,0,,0,0,0,0,0,,,,33.815732,-118.200244,"3213 Maine Ave, Long Beach, California, 90806",100
48,LONG BEACH,Los Angeles,2021,,7072024034,3515 1/2 IROQUOIS AVE,BRMD250660,BRMD250660,ADU,Renter,0,0,0,0,0,0,0,0,0,0,0,,0,0,0,0,0,0,0,0,0,0,0,1,2021-05-03,1,0,0,0,0,0,0,0,0,0,0,0,,0,0,N,0,Y,,,0,,0,0,0,0,0,,,,33.779086,-118.106193,"Iroquois Ave, Long Beach, California, 90815",95.430000000000007
49,LONG BEACH,Los Angeles,2021,,7431015021,2066 BALTIC AVE,BADD251358,BADD251358,ADU,Renter,0,0,0,0,0,0,0,0,0,0,0,,0,0,0,0,0,0,0,0,0,0,0,1,2021-01-14,1,0,0,0,0,0,0,0,0,0,0,0,,0,0,N,0,Y,,,0,,0,0,0,0,0,,,,33.794749,-118.212950,"2066 Baltic Ave, Long Beach, California, 90810",100
50,LONG BEACH,Los Angeles,2021,,7246009005,520 ORLENA AVE,BADD251629,BADD251629,ADU,Renter,0,0,0,0,0,0,0,0,0,0,0,,0,0,0,0,0,0,0,0,0,0,0,1,2021-03-22,1,0,0,0,0,0,0,0,0,0,0,0,,0,0,N,0,Y,,,0,,0,0,0,0,0,,,,33.773091,-118.130644,"520 Orlena Ave, Long Beach, California, 90814",100
51,LONG BEACH,Los Angeles,2021,,7125016010,466 60TH ST,BADD252197,BADD252197,ADU,Renter,0,0,0,0,0,0,0,0,0,0,0,,0,0,0,0,0,0,0,0,0,0,0,1,2021-10-18,1,0,0,0,0,0,0,0,0,0,0,0,,0,0,N,0,Y,,,0,,0,0,0,0,0,,,,33.863336,-118.186997,"466 E 60th St, Long Beach, California, 90805",99.579999999999998
52,LONG BEACH,Los Angeles,2021,,7182014005,4332 WHITEWOOD AVE,BADD252708,BADD252708,ADU,Renter,0,0,0,0,0,0,0,0,0,0,0,,0,0,0,0,0,0,0,0,0,0,0,1,2021-08-02,1,0,0,0,0,0,0,0,0,0,0,0,,0,0,N,0,Y,,,0,,0,0,0,0,0,,,,33.837101,-118.136040,"4332 Whitewood Ave, Long Beach, California, 90808",100
53,LONG BEACH,Los Angeles,2021,,7402010006,2301 COTA AVE,BRMD252769,BRMD252769,ADU,Renter,0,0,0,0,0,0,0,0,0,0,0,,0,0,0,0,0,0,0,0,0,0,0,1,2021-04-01,1,0,0,0,0,0,0,0,0,0,0,0,,0,0,N,0,Y,,,0,,0,0,0,0,0,,,,33.799095,-118.216560,"2301 Cota Ave, Long Beach, California, 90810",100
54,LONG BEACH,Los Angeles,2021,,7115022012,6280 CERRITOS AVE,BRMD252794,BRMD252794,ADU,Renter,0,0,0,0,0,0,0,0,0,0,0,,0,0,0,0,0,0,0,0,0,0,0,1,2021-06-22,1,0,0,0,0,0,0,0,0,0,0,0,,0,0,N,0,Y,,,0,,0,0,0,0,0,,,,33.868825,-118.178244,"6280 Cerritos Ave, Long Beach, California, 90805",100
55,LONG BEACH,Los Angeles,2021,,7183007007,4214 CHARLEMAGNE AVE,BNEW252822,BNEW252822,ADU,Renter,0,0,0,0,0,0,0,0,0,0,0,,0,0,0,0,0,0,0,0,0,0,0,1,2021-06-17,1,0,0,0,0,0,0,0,0,0,0,0,,0,0,N,0,Y,,,0,,0,0,0,0,0,,,,33.834706,-118.130530,"4214 Charlemagne Ave, Long Beach, California, 90808",100
56,LONG BEACH,Los Angeles,2021,,7127027007,440 57TH ST,BRMD253768,BRMD253768,ADU,Renter,0,0,0,0,0,0,0,0,0,0,0,,0,0,0,0,0,0,0,0,0,0,0,1,2021-04-19,1,0,0,0,0,0,0,0,0,0,0,0,,0,0,N,0,Y,,,0,,0,0,0,0,0,,,,33.859202,-118.187501,"440 E 57th St, Long Beach, California, 90805",99.579999999999998
57,LONG BEACH,Los Angeles,2021,,7258028005,685 CORONADO AVE,BRMD253994,BRMD253994,ADU,Renter,0,0,0,0,0,0,0,0,0,0,0,,0,0,0,0,0,0,0,0,0,0,0,1,2021-11-04,1,0,0,0,0,0,0,0,0,0,0,0,,0,0,N,0,Y,,,0,,0,0,0,0,0,,,,33.775143,-118.153533,"685 Coronado Ave, Long Beach, California, 90814",100
58,LONG BEACH,Los Angeles,2021,,7267006035,1036 CERRITOS AVE,BNEW254064,BNEW254064,ADU,Renter,0,0,0,0,0,0,0,0,0,0,0,,0,0,0,0,0,0,0,0,0,0,0,1,2021-03-24,1,0,0,0,0,0,0,0,0,0,0,0,,0,0,N,0,Y,,,0,,0,0,0,0,0,,,,33.779679,-118.177485,"1036 Cerritos Ave, Long Beach, California, 90813",100
59,LONG BEACH,Los Angeles,2021,,7115022023,6230 LEMON AVE,BADD254242,BADD254242,ADU,Renter,0,0,0,0,0,0,0,0,0,0,0,,0,0,0,0,0,0,0,0,0,0,0,1,2021-04-29,1,0,0,0,0,0,0,0,0,0,0,0,,0,0,N,0,Y,,,0,,0,0,0,0,0,,,,33.867983,-118.179169,"6230 Lemon Ave, Long Beach, California, 90805",100
60,LONG BEACH,Los Angeles,2021,,7268012005,830 NEW YORK ST,BADD254458,BADD254458,ADU,Renter,0,0,0,0,0,0,0,0,0,0,0,,0,0,0,0,0,0,0,0,0,0,0,1,2021-09-28,1,0,0,0,0,0,0,0,0,0,0,0,,0,0,N,0,Y,,,0,,0,0,0,0,0,,,,33.784845,-118.182202,"830 E New York St, Long Beach, California, 90813",99.579999999999998
61,LONG BEACH,Los Angeles,2021,,7268012005,830 NEW YORK ST,BNEW254460,BNEW254460,ADU,Renter,0,0,0,0,0,0,0,0,0,0,0,,0,0,0,0,0,0,0,0,0,0,0,1,2021-09-30,1,0,0,0,0,0,0,0,0,0,0,0,,0,0,N,0,Y,,,0,,0,0,0,0,0,,,,33.784845,-118.182202,"830 E New York St, Long Beach, California, 90813",99.579999999999998
62,LONG BEACH,Los Angeles,2021,,7247007009,172 COVINA AVE,BADD254702,BADD254702,ADU,Renter,0,0,0,0,0,0,0,0,0,0,0,,0,0,0,0,0,0,0,0,0,0,0,1,2021-07-02,1,0,0,0,0,0,0,0,0,0,0,0,,0,0,N,0,Y,,,0,,0,0,0,0,0,,,,33.759070,-118.134390,"172 Covina Ave, Long Beach, California, 90803",100
63,STANISLAUS COUNTY,Stanislaus,2020,,022-029-112,7708 MONTEREY AVE,,BLD2020-0390,MH,Owner,0,0,0,0,0,0,0,0,0,0,0,,0,0,0,0,0,0,0,0,0,0,0,1,2020-07-15,1,0,0,0,0,0,0,0,0,0,0,1,2021-01-29,1,0,N,0,0,,,0,,0,0,0,0,0,,,MANUFACTURED DWELLING - 1980 LANCER 1568 SQ FT - NEW HOMESITE              C/S DURANGO AVE,37.526333,-121.011812,"7708 Monterey Ave, Ceres, California, 95307",94.390000000000001
64,STANISLAUS COUNTY,Stanislaus,2020,,048-036-035,17007 STATE HWY 33,,BLD2020-0098,MH,Owner,0,0,0,0,0,0,0,0,0,0,0,,0,0,0,0,0,0,0,0,0,0,0,1,2020-10-29,1,0,0,0,0,0,0,0,0,0,0,0,,0,0,N,0,0,,,0,,0,0,0,0,0,,,MANUFACTURED HOME / 1974 LANCER ROYAL KNIGHT / AND CLEARANCE OF CNC DOC # 2019-0073032-00          C/S ALMOND,37.453582,-121.115291,"17007 State Highway 33, Patterson, California, 95363",94.390000000000001
65,STANISLAUS COUNTY,Stanislaus,2020,,041-004-008,525 GRAYSON,,BLD2018-2134,ADU,Renter,0,0,0,0,0,0,0,0,0,0,0,,0,0,0,0,0,0,0,0,0,0,0,0,,0,0,0,0,0,0,0,0,0,0,0,1,2020-03-11,1,0,N,0,0,,,0,,0,0,0,0,0,,,Garage Conversion to ADU (Change garage to living space),37.565911,-121.000101,"525 W Grayson Rd, Modesto, California, 95358",92.109999999999999
66,STANISLAUS COUNTY,Stanislaus,2020,,074-009-002,5626,CHENAULT,BLD2018-0618,SFD,Owner,0,0,0,0,0,0,0,0,0,0,0,,0,0,0,0,0,0,0,0,0,0,0,0,,0,0,0,0,0,0,0,0,0,0,0,1,2020-03-09,1,0,N,0,0,,,0,,0,0,0,0,0,,,NEW RESIDENTIAL DWELLING (3813 SF) W/ATTACHED GARAGE (752 SF),37.559009,-120.997660,,82.609999999999999
67,STANISLAUS COUNTY,Stanislaus,2020,,024-050-040,2703,DERR RD,BLD2019-2912,SFD,Owner,0,0,0,0,0,0,0,0,0,0,0,,0,0,0,0,0,0,0,0,0,0,0,1,2020-07-02,1,0,0,0,0,0,0,0,0,0,0,1,2020-11-19,1,0,N,0,0,,,0,,0,0,0,0,0,,,SINGLE FAMILY DWELLING  2138 SQ FT - 3 BEDROOM  AND ATTACHED TANDEM GARAGE & CALIFORNIA ROOM (SINGLE STORY),37.559009,-120.997660,,82.609999999999999
68,STANISLAUS COUNTY,Stanislaus,2020,,024-032-023,3301,KINGSBURG CT,BLD2019-2875,SFD,Owner,0,0,0,0,0,0,0,0,0,0,0,,0,0,0,0,0,0,0,0,0,0,0,1,2020-11-10,1,0,0,0,0,0,0,0,0,0,0,0,,0,0,N,0,0,,,0,,0,0,0,0,0,,,SINGLE FAMILY DWELLING 1650 SF W/ ATTACHED 2 CAR GARAGE 515 SF   C/S LESTER AVE,37.559009,-120.997660,,82.609999999999999
69,STANISLAUS COUNTY,Stanislaus,2020,,024-032-023,4119,VALKOMMEN DR,BLD2019-2881,SFD,Owner,0,0,0,0,0,0,0,0,0,0,0,,0,0,0,0,0,0,0,0,0,0,0,1,2020-09-10,1,0,0,0,0,0,0,0,0,0,0,0,,0,0,N,0,0,,,0,,0,0,0,0,0,,,SINGLE FAMILY DWELLING 1650 SF W/ ATTACHED 3 CAR GARAGE 746 SF & CA ROOM  C/S LESTER AVE,37.559009,-120.997660,,82.609999999999999
70,LONG BEACH,Los Angeles,2021,,7259012032,1458 NEWPORT AVE,BRMD254719,BRMD254719,ADU,Renter,0,0,0,0,0,0,0,0,0,0,0,,0,0,0,0,0,0,0,0,0,0,0,1,2021-05-14,1,0,0,0,0,0,0,0,0,0,0,0,,0,0,N,0,Y,,,0,,0,0,0,0,0,,,,33.785510,-118.151285,"1458 Newport Ave, Long Beach, California, 90804",100
71,LONG BEACH,Los Angeles,2021,,7259019018,1103 GLADYS AVE,BRMD255086,BRMD255086,ADU,Renter,0,0,0,0,0,0,0,0,0,0,0,,0,0,0,0,0,0,0,0,0,0,0,1,2021-02-22,1,0,0,0,0,0,0,0,0,0,0,0,,0,0,N,0,Y,,,0,,0,0,0,0,0,,,,33.780920,-118.157865,"1103 Gladys Ave, Long Beach, California, 90804",100
72,LONG BEACH,Los Angeles,2021,,7255032006,266 ROSWELL AVE,BNEW255098,BNEW255098,ADU,Renter,0,0,0,0,0,0,0,0,0,0,0,,0,0,0,0,0,0,0,0,0,0,0,1,2021-07-09,1,0,0,0,0,0,0,0,0,0,0,0,,0,0,N,0,Y,,,0,,0,0,0,0,0,,,,33.767350,-118.143702,"266 Roswell Ave, Long Beach, California, 90803",100
73,LONG BEACH,Los Angeles,2021,,7187023003,5741 OXHOLM ST,BRMD255109,BRMD255109,ADU,Renter,0,0,0,0,0,0,0,0,0,0,0,,0,0,0,0,0,0,0,0,0,0,0,1,2021-11-11,1,0,0,0,0,0,0,0,0,0,0,0,,0,0,N,0,Y,,,0,,0,0,0,0,0,,,,33.820282,-118.119318,"5741 E Oxholm St, Long Beach, California, 90808",99.579999999999998
74,LONG BEACH,Los Angeles,2021,,7231005033,2131 PALO VERDE AVE,BADD255161,BADD255161,ADU,Renter,0,0,0,0,0,0,0,0,0,0,0,,0,0,0,0,0,0,0,0,0,0,0,1,2021-06-17,1,0,0,0,0,0,0,0,0,0,0,0,,0,0,N,0,Y,,,0,,0,0,0,0,0,,,,33.794665,-118.108147,"2131 Palo Verde Ave, Long Beach, California, 90815",100
75,LONG BEACH,Los Angeles,2021,,7127013008,5551 LEWIS AVE,BADD255191,BADD255191,ADU,Renter,0,0,0,0,0,0,0,0,0,0,0,,0,0,0,0,0,0,0,0,0,0,0,1,2021-07-13,1,0,0,0,0,0,0,0,0,0,0,0,,0,0,N,0,Y,,,0,,0,0,0,0,0,,,,33.857207,-118.180069,"5551 Lewis Ave, Long Beach, California, 90805",100
76,LONG BEACH,Los Angeles,2021,,7313015013,2811 BALTIC AVE,BADD255610,BADD255610,ADU,Renter,0,0,0,0,0,0,0,0,0,0,0,,0,0,0,0,0,0,0,0,0,0,0,1,2021-10-22,1,0,0,0,0,0,0,0,0,0,0,0,,0,0,N,0,Y,,,0,,0,0,0,0,0,,,,33.808308,-118.212978,"2811 Baltic Ave, Long Beach, California, 90810",100
77,STANISLAUS COUNTY,Stanislaus,2020,,074-009-019,251 MEYERS AVE,,BLD2020-0196,ADU,Renter,0,0,0,0,0,0,0,0,0,0,0,,0,0,0,0,0,0,0,0,0,0,0,1,2020-07-29,1,0,0,0,0,0,0,0,0,0,0,1,2020-10-02,1,0,N,0,0,,,0,,0,0,0,0,0,,,ACCESSORY DWELLING UNIT ( 1191 SF ) W/ ATTACHED PATIO ( 129 SF ) ATTACHED TO EXISTING DETACHED GARAGE C/S CHENAULT DR,37.721251,-120.991845,"251 Myers Ave, Modesto, California, 95356",84.560000000000002
78,STANISLAUS COUNTY,Stanislaus,2020,,014-040-037,5139,GARST RD,BLD2018-1468,SFD,Owner,0,0,0,0,0,0,0,0,0,0,0,,0,0,0,0,0,0,0,0,0,0,0,1,2020-01-08,1,0,0,0,0,0,0,0,0,0,0,0,,0,0,N,0,0,,,0,,0,0,0,0,0,,,SINGLE FAMILY DWELLING W/ ATTACHED GARAGE C/S CHURCH ST,37.559009,-120.997660,,82.609999999999999
79,STANISLAUS COUNTY,Stanislaus,2020,,012-023-055,2260,EDSEL,BLD2019-0218,SFD,Owner,0,0,0,0,0,0,0,0,0,0,0,,0,0,0,0,0,0,0,0,0,0,0,0,,0,0,0,0,0,0,0,0,0,0,0,1,2020-08-26,1,0,N,0,0,,,0,,0,0,0,0,0,,,SINGLE FAMILY DWELLING WITH ATTACHED GARAGE,37.559009,-120.997660,,82.609999999999999
80,STANISLAUS COUNTY,Stanislaus,2020,,045-072-025,4612,PRISCILLA,BLD2019-1499,SFD,Owner,0,0,0,0,0,0,0,0,0,0,0,,0,0,0,0,0,0,0,0,0,0,0,0,,0,0,0,0,0,0,0,0,0,0,0,1,2020-02-12,1,0,N,0,0,,,0,,0,0,0,0,0,,,SINGLE FAMILY DWELLING ( 1835 SF - 4BD / 2 BA - BEDROOM OPTION ) W/ ATTACHED GARAGE - BONITA RANCH VI LOT 119,37.559009,-120.997660,,82.609999999999999
81,STANISLAUS COUNTY,Stanislaus,2020,,020-002-029,1350,Hawkins,BLD2019-2022,SFD,Owner,0,0,0,0,0,0,0,0,0,0,0,,0,0,0,0,0,0,0,0,0,0,0,1,2020-01-15,1,0,0,0,0,0,0,0,0,0,0,1,2020-07-21,1,0,N,0,0,,,0,,0,0,0,0,0,,,"2,327 SQ FT SINGLE FAMILY RESIDENCE - WITH ATTACHED GARAGE AND PATIO COVER",37.559009,-120.997660,,82.609999999999999
82,STANISLAUS COUNTY,Stanislaus,2020,,024-067-012,3326,KALMAR,BLD2019-2880,SFD,Owner,0,0,0,0,0,0,0,0,0,0,0,,0,0,0,0,0,0,0,0,0,0,0,1,2020-05-14,1,0,0,0,0,0,0,0,0,0,0,1,2020-09-02,1,0,N,0,0,,,0,,0,0,0,0,0,,,SINGLE FAMILY DWELLING 1650 SF W/ ATTACHED 2 CAR GARAGE 515 SF,37.559009,-120.997660,,82.609999999999999
83,STANISLAUS COUNTY,Stanislaus,2020,,024-032-023,3311,KALMAR LN,BLD2019-2877,SFD,Owner,0,0,0,0,0,0,0,0,0,0,0,,0,0,0,0,0,0,0,0,0,0,0,1,2020-08-14,1,0,0,0,0,0,0,0,0,0,0,0,,0,0,N,0,0,,,0,,0,0,0,0,0,,,SINGLE FAMILY DWELLING 2310 SF W/ ATTACHED 2 CAR GARAGE 489 SF   C/S LESTER AVE,37.559009,-120.997660,,82.609999999999999
84,STANISLAUS COUNTY,Stanislaus,2020,,064-035-014,2321,JACKIE CT,BLD2019-2920,SFD,Owner,0,0,0,0,0,0,0,0,0,0,0,,0,0,0,0,0,0,0,0,0,0,0,1,2020-10-21,1,0,0,0,0,0,0,0,0,0,0,0,,0,0,N,0,0,,,0,,0,0,0,0,0,,,4005 SQ FT SINGLE FAMILY DWELLING W/ ATTACHED 880 SQ FT GARAGE             C/S N STEARNS RD,37.559009,-120.997660,,82.609999999999999
85,STANISLAUS COUNTY,Stanislaus,2020,,002-009-055,7518,DORSEY RD,BLD2020-1396,SFD,Renter,0,0,0,0,0,0,0,0,0,0,0,,0,0,0,0,0,0,0,0,0,0,0,1,2020-10-02,1,0,0,0,0,0,0,0,0,0,0,0,,0,0,N,0,0,,,0,,0,0,0,0,0,,,SINGLE FAMILY DWELLING WITH ATTACHED GARAGE (2ND DWELLING)                                           C/S 26 MILES RD.,37.559009,-120.997660,,82.609999999999999
86,PETALUMA,Sonoma,2021,,019-203-008,14 Oak Knoll Ct,The Oaks at Sunnyslope,,SFD,Owner,0,0,0,0,0,0,0,0,0,0,0,,0,0,0,0,0,0,0,0,0,0,0,0,,0,0,0,0,0,0,0,0,0,0,0,1,2021-01-27,1,0,N,0,0,,,0,,0,0,0,0,0,,,,38.216775,-122.637738,"14 Oak Knoll Ct, Petaluma, California, 94952",100
87,PETALUMA,Sonoma,2021,,136-010-027,1818 Alvarado St,Northbank/Riverfront,,SFD,Renter,0,0,0,0,0,0,0,0,0,0,0,,0,0,0,0,0,0,0,0,0,0,0,0,,0,0,0,0,0,0,0,0,0,0,0,1,2021-11-18,1,0,N,0,0,,,0,,0,0,0,0,0,,,,38.230422,-122.619366,"1818 Alvarado St, Petaluma, California, 94952",100
88,PETALUMA,Sonoma,2021,,136-010-028,1903 Pico St,Northbank/Riverfront,,SFD,Owner,0,0,0,0,0,0,0,0,0,0,0,,0,0,0,0,0,0,0,0,0,0,0,0,,0,0,0,0,0,0,0,0,0,0,0,1,2021-10-20,1,0,N,0,0,,,0,,0,0,0,0,0,,,,38.229967,-122.618688,"1903 Pico St, Petaluma, California, 94952",100
89,PETALUMA,Sonoma,2021,,008-023-005,412 Sheldon St,,,ADU,Renter,0,0,0,0,0,0,0,0,0,0,0,,0,0,0,0,0,0,0,0,0,0,0,0,,0,0,0,0,0,0,0,0,0,0,1,0,2021-02-03,1,0,N,0,0,,,N/A,,0,0,0,0,0,,,,38.229508,-122.649281,"412 Sheldon St, Petaluma, California, 94952",100
90,PETALUMA,Sonoma,2021,,019-550-002,556 Sunnyslope Rd,,,ADU,Renter,0,0,0,0,0,0,0,0,0,0,0,,0,0,0,0,0,0,0,0,0,0,0,0,,0,0,0,0,0,0,0,0,0,0,1,0,2021-10-07,1,0,N,0,0,,,N/A,,0,0,0,0,0,,,,38.218426,-122.638103,"556 Sunnyslope Rd, Petaluma, California, 94952",100
91,PETALUMA,Sonoma,2021,,007-051-017,718A Madison St,,,ADU,Renter,0,0,0,0,0,0,0,0,0,0,0,,0,0,0,0,0,0,0,0,0,0,0,0,,0,0,0,0,0,0,0,0,0,0,0,1,2021-02-04,1,0,N,0,0,,,0,,0,0,0,0,0,,,,38.243140,-122.635778,"718 Madison St, Petaluma, California, 94952",99.230000000000004
92,PETALUMA,Sonoma,2021,,006-650-020,771 El Paseo Dr,,,ADU,Renter,0,0,0,0,0,0,0,0,0,0,0,,0,0,0,0,0,0,0,0,0,0,0,0,,0,0,0,0,0,0,0,0,0,0,0,1,2021-04-13,1,0,N,0,0,,,0,,0,0,0,0,0,,,,38.233378,-122.657035,"771 El Paseo Dr, Petaluma, California, 94952",100
93,PETALUMA,Sonoma,2021,,008-241-027,860 6th St,,,ADU,Renter,0,0,0,0,0,0,0,0,0,0,0,,0,0,0,0,0,0,0,0,0,0,0,0,,0,0,0,0,0,0,0,0,0,0,1,0,2021-01-21,1,0,N,0,0,,,N/A,,0,0,0,0,0,,,,38.226635,-122.629703,"860 6th St, Petaluma, California, 94952",100
94,PETALUMA,Sonoma,2021,,136-010-027,1911 Pico St,Northbank/Riverfront,,SFD,Owner,0,0,0,0,0,0,0,0,0,0,0,,0,0,0,0,0,0,0,0,0,0,0,1,2021-02-24,1,0,0,0,0,0,0,0,0,0,0,0,,0,0,N,0,0,,,0,,0,0,0,0,0,,,,38.230005,-122.618340,"1911 Pico St, Petaluma, California, 94952",100
95,PETALUMA,Sonoma,2021,,136-010-027,1916 Pico St,Northbank/Riverfront,,SFD,Owner,0,0,0,0,0,0,0,0,0,0,0,,0,0,0,0,0,0,0,0,0,0,0,1,2021-08-03,1,0,0,0,0,0,0,0,0,0,0,0,,0,0,N,0,0,,,0,,0,0,0,0,0,,,,38.230003,-122.617801,"1916 Pico St, Petaluma, California, 94952",100
96,PETALUMA,Sonoma,2021,,006-011-073,607 Cherry St,,,ADU,Renter,0,0,0,0,0,0,0,0,0,0,0,,0,0,0,0,0,0,0,0,0,0,1,0,2021-01-07,1,0,0,0,0,0,0,0,0,0,0,0,,0,0,N,0,0,,,N/A,,0,0,0,0,0,,,,38.242885,-122.651501,"607 Cherry St, Petaluma, California, 94952",100
97,PETALUMA,Sonoma,2021,,019-210-011; 019-220-013,568 Sapphire St,Sterling Hills,,SFD,Owner,0,0,0,0,0,0,0,0,0,0,0,,0,0,0,0,0,0,0,0,0,0,0,1,2021-11-03,1,0,0,0,0,0,0,0,0,0,0,0,,0,0,N,0,0,,,0,,0,0,0,0,0,,,,38.224753,-122.614374,"568 Sapphire St, Petaluma, California, 94952",100
98,PETALUMA,Sonoma,2021,,019-210-011; 019-220-017,524 Ruby St,Sterling Hills,,SFD,Owner,0,0,0,0,0,0,0,0,0,0,0,,0,0,0,0,0,0,0,0,0,0,0,1,2021-08-16,1,0,0,0,0,0,0,0,0,0,0,0,,0,0,N,0,0,,,0,,0,0,0,0,0,,,,38.224379,-122.617939,"524 Ruby St, Petaluma, California, 94952",100
99,PETALUMA,Sonoma,2021,,007-324-029,1409 Lauren Dr,,,ADU,Renter,0,0,0,0,0,0,0,0,0,0,0,,0,0,0,0,0,0,0,0,0,0,1,0,2021-12-13,1,0,0,0,0,0,0,0,0,0,0,0,,0,0,N,0,0,,,N/A,,0,0,0,0,0,,,,38.249983,-122.626170,"1409 Lauren Dr, Petaluma, California, 94954",100
100,PETALUMA,Sonoma,2021,,136-010-027,1913 Bautista Way,Northbank/Riverfront,,SFD,Owner,0,0,0,0,0,0,0,0,0,0,0,,0,0,0,0,0,0,0,0,0,0,0,1,2021-08-03,1,0,0,0,0,0,0,0,0,0,0,0,,0,0,N,0,0,,,0,,0,0,0,0,0,,,,38.229488,-122.617942,"1913 Bautista Way, Petaluma, California, 94952",100
